keyword,label,grams
tea|chai|coffee,1 cup,150
lassi|buttermilk|chaas|juice|milkshake|shake|sherbet,1 glass,250
dosa,1 dosa,80
idli,1 idli,40
uttapam,1 uttapam,120
paratha,1 paratha,80
puri|poori,1 puri,25
roti|chapati|phulka,1 roti,40
samosa,1 samosa,60
pakora|bhajji|bhaji,1 piece,25
ladoo|laddu|barfi|burfi|gulab jamun|jalebi,1 piece,40
poha|upma|halwa,1 plate,200
raita|curd|dahi,1 katori,100
rice|pulao|biryani|khichdi|jeera rice,1 katori,150
dal|daal|sambar|rasam|kadhi|curry|sabzi|sabji|rajma|chole|chana masala|korma|masala,1 katori,150
